filename,MBTI
data\images\1_1.jpg,ISTJ
data\images\1_3.jpg,ISTJ
data\images\1_4.jpg,ISTJ
data\images\2_1.jpg,ISTJ
data\images\2_2.jpg,ISTJ
data\images\2_3.jpg,ISTJ
data\images\2_4.jpg,ISTJ
data\images\2_5.jpg,ISTJ
data\images\2_6.jpg,ISTJ
data\images\2_7.jpg,ISTJ
data\images\2_8.jpg,ISTJ
data\images\2_9.jpg,ISTJ
data\images\3_1.jpg,ISTJ
data\images\3_3.jpg,ISTJ
data\images\3_5.jpg,ISTJ
data\images\4_1.jpg,ISTJ
data\images\4_2.jpg,ISTJ
data\images\4_3.jpg,ISTJ
data\images\4_4.jpg,ISTJ
data\images\4_5.jpg,ISTJ
data\images\4_6.jpg,ISTJ
data\images\4_7.jpg,ISTJ
data\images\6_1.jpg,ISTJ
data\images\6_2.jpg,ISTJ
data\images\6_3.jpg,ISTJ
data\images\6_4.jpg,ISTJ
data\images\6_5.jpg,ISTJ
data\images\6_6.jpg,ISTJ
data\images\7_1.jpg,ISFJ
data\images\7_2.jpg,ISFJ
data\images\7_3.jpg,ISFJ
data\images\7_4.jpg,ISFJ
data\images\7_5.jpg,ISFJ
data\images\7_6.jpg,ISFJ
data\images\7_7.jpg,ISFJ
data\images\7_8.jpg,ISFJ
data\images\8_1.jpg,ISFJ
data\images\8_8.jpg,ISFJ
data\images\8_9.jpg,ISFJ
data\images\9_1.jpg,ISFJ
data\images\9_2.jpg,ISFJ
data\images\9_3.jpg,ISFJ
data\images\9_4.jpg,ISFJ
data\images\9_5.jpg,ISFJ
data\images\9_6.jpg,ISFJ
data\images\9_7.jpg,ISFJ
data\images\11_1.jpg,ISFJ
data\images\11_2.jpg,ISFJ
data\images\11_3.jpg,ISFJ
data\images\11_4.jpg,ISFJ
data\images\11_5.jpg,ISFJ
data\images\11_6.jpg,ISFJ
data\images\11_7.jpg,ISFJ
data\images\11_8.jpg,ISFJ
data\images\12_1.jpg,ISFJ
data\images\12_2.jpg,ISFJ
data\images\12_3.jpg,ISFJ
data\images\12_4.jpg,ISFJ
data\images\12_5.jpg,ISFJ
data\images\12_6.jpg,ISFJ
data\images\12_7.jpg,ISFJ
data\images\12_8.jpg,ISFJ
data\images\12_9.jpg,ISFJ
data\images\13_1.jpg,ISFJ
data\images\13_2.jpg,ISFJ
data\images\13_4.jpg,ISFJ
data\images\13_5.jpg,ISFJ
data\images\13_6.jpg,ISFJ
data\images\14_1.jpg,ISFJ
data\images\14_2.jpg,ISFJ
data\images\14_3.jpg,ISFJ
data\images\14_4.jpg,ISFJ
data\images\14_5.jpg,ISFJ
data\images\14_6.jpg,ISFJ
data\images\14_8.jpg,ISFJ
data\images\16_1.jpg,ISFJ
data\images\16_2.jpg,ISFJ
data\images\16_5.jpg,ISFJ
data\images\16_6.jpg,ISFJ
data\images\16_7.jpg,ISFJ
data\images\16_8.jpg,ISFJ
data\images\16_9.jpg,ISFJ
data\images\17_1.jpg,ISFJ
data\images\17_2.jpg,ISFJ
data\images\17_3.jpg,ISFJ
data\images\17_4.jpg,ISFJ
data\images\17_5.jpg,ISFJ
data\images\17_6.jpg,ISFJ
data\images\17_7.jpg,ISFJ
data\images\17_8.jpg,ISFJ
data\images\17_9.jpg,ISFJ
data\images\18_1.jpg,ISFJ
data\images\18_2.jpg,ISFJ
data\images\18_3.jpg,ISFJ
data\images\18_5.jpg,ISFJ
data\images\18_6.jpg,ISFJ
data\images\18_7.jpg,ISFJ
data\images\19_1.jpg,ISFJ
data\images\19_2.jpg,ISFJ
data\images\19_3.jpg,ISFJ
data\images\19_4.jpg,ISFJ
data\images\19_5.jpg,ISFJ
data\images\19_6.jpg,ISFJ
data\images\19_7.jpg,ISFJ
data\images\19_9.jpg,ISFJ
data\images\21_1.jpg,ISFJ
data\images\21_2.jpg,ISFJ
data\images\21_4.jpg,ISFJ
data\images\21_5.jpg,ISFJ
data\images\22_1.jpg,ISFJ
data\images\22_2.jpg,ISFJ
data\images\22_4.jpg,ISFJ
data\images\22_5.jpg,ISFJ
data\images\22_6.jpg,ISFJ
data\images\22_7.jpg,ISFJ
data\images\22_8.jpg,ISFJ
data\images\22_9.jpg,ISFJ
data\images\23_1.jpg,ISFJ
data\images\23_3.jpg,ISFJ
data\images\23_5.jpg,ISFJ
data\images\23_6.jpg,ISFJ
data\images\23_7.jpg,ISFJ
data\images\23_8.jpg,ISFJ
data\images\23_9.jpg,ISFJ
data\images\24_1.jpg,ISFJ
data\images\24_2.jpg,ISFJ
data\images\24_3.jpg,ISFJ
data\images\24_4.jpg,ISFJ
data\images\24_5.jpg,ISFJ
data\images\24_6.jpg,ISFJ
data\images\24_8.jpg,ISFJ
data\images\24_9.jpg,ISFJ
data\images\26_1.jpg,ISFJ
data\images\26_2.jpg,ISFJ
data\images\26_3.jpg,ISFJ
data\images\26_4.jpg,ISFJ
data\images\26_5.jpg,ISFJ
data\images\26_6.jpg,ISFJ
data\images\26_7.jpg,ISFJ
data\images\26_8.jpg,ISFJ
data\images\26_9.jpg,ISFJ
data\images\27_1.jpg,ISFJ
data\images\27_2.jpg,ISFJ
data\images\27_3.jpg,ISFJ
data\images\27_5.jpg,ISFJ
data\images\27_6.jpg,ISFJ
data\images\27_7.jpg,ISFJ
data\images\27_8.jpg,ISFJ
data\images\27_9.jpg,ISFJ
data\images\28_1.jpg,ISFJ
data\images\28_2.jpg,ISFJ
data\images\28_3.jpg,ISFJ
data\images\28_4.jpg,ISFJ
data\images\28_5.jpg,ISFJ
data\images\28_7.jpg,ISFJ
data\images\28_8.jpg,ISFJ
data\images\28_9.jpg,ISFJ
data\images\29_1.jpg,ISFJ
data\images\29_2.jpg,ISFJ
data\images\29_3.jpg,ISFJ
data\images\29_4.jpg,ISFJ
data\images\29_5.jpg,ISFJ
data\images\29_6.jpg,ISFJ
data\images\29_7.jpg,ISFJ
data\images\29_9.jpg,ISFJ
data\images\31_1.jpg,ISFJ
data\images\31_2.jpg,ISFJ
data\images\31_3.jpg,ISFJ
data\images\31_4.jpg,ISFJ
data\images\31_5.jpg,ISFJ
data\images\31_6.jpg,ISFJ
data\images\31_7.jpg,ISFJ
data\images\31_8.jpg,ISFJ
data\images\31_9.jpg,ISFJ
data\images\32_1.jpg,ISFJ
data\images\32_2.jpg,ISFJ
data\images\32_3.jpg,ISFJ
data\images\32_4.jpg,ISFJ
data\images\32_5.jpg,ISFJ
data\images\32_7.jpg,ISFJ
data\images\32_8.jpg,ISFJ
data\images\32_9.jpg,ISFJ
data\images\33_1.jpg,ISFJ
data\images\33_2.jpg,ISFJ
data\images\33_3.jpg,ISFJ
data\images\33_4.jpg,ISFJ
data\images\33_5.jpg,ISFJ
data\images\33_6.jpg,ISFJ
data\images\33_7.jpg,ISFJ
data\images\33_8.jpg,ISFJ
data\images\34_1.jpg,ISFJ
data\images\34_2.jpg,ISFJ
data\images\34_3.jpg,ISFJ
data\images\34_4.jpg,ISFJ
data\images\34_5.jpg,ISFJ
data\images\34_6.jpg,ISFJ
data\images\34_8.jpg,ISFJ
data\images\34_9.jpg,ISFJ
data\images\36_1.jpg,ISFJ
data\images\36_2.jpg,ISFJ
data\images\36_3.jpg,ISFJ
data\images\36_4.jpg,ISFJ
data\images\36_5.jpg,ISFJ
data\images\36_6.jpg,ISFJ
data\images\36_7.jpg,ISFJ
data\images\37_1.jpg,INFJ
data\images\37_3.jpg,INFJ
data\images\37_4.jpg,INFJ
data\images\37_5.jpg,INFJ
data\images\37_6.jpg,INFJ
data\images\37_7.jpg,INFJ
data\images\37_9.jpg,INFJ
data\images\38_1.jpg,INFJ
data\images\38_3.jpg,INFJ
data\images\38_4.jpg,INFJ
data\images\38_5.jpg,INFJ
data\images\38_6.jpg,INFJ
data\images\39_1.jpg,INFJ
data\images\39_2.jpg,INFJ
data\images\39_3.jpg,INFJ
data\images\39_4.jpg,INFJ
data\images\39_5.jpg,INFJ
data\images\39_6.jpg,INFJ
data\images\39_7.jpg,INFJ
data\images\39_8.jpg,INFJ
data\images\39_9.jpg,INFJ
data\images\41_1.jpg,INFJ
data\images\41_2.jpg,INFJ
data\images\41_3.jpg,INFJ
data\images\41_4.jpg,INFJ
data\images\41_5.jpg,INFJ
data\images\41_6.jpg,INFJ
data\images\41_7.jpg,INFJ
data\images\41_8.jpg,INFJ
data\images\42_1.jpg,INFJ
data\images\42_2.jpg,INFJ
data\images\42_3.jpg,INFJ
data\images\42_4.jpg,INFJ
data\images\42_5.jpg,INFJ
data\images\42_6.jpg,INFJ
data\images\42_7.jpg,INFJ
data\images\42_8.jpg,INFJ
data\images\43_1.jpg,INFJ
data\images\43_6.jpg,INFJ
data\images\43_7.jpg,INFJ
data\images\43_8.jpg,INFJ
data\images\44_1.jpg,INFJ
data\images\44_2.jpg,INFJ
data\images\44_3.jpg,INFJ
data\images\44_4.jpg,INFJ
data\images\44_5.jpg,INFJ
data\images\44_6.jpg,INFJ
data\images\44_7.jpg,INFJ
data\images\44_8.jpg,INFJ
data\images\44_9.jpg,INFJ
data\images\46_1.jpg,INFJ
data\images\46_3.jpg,INFJ
data\images\46_5.jpg,INFJ
data\images\47_1.jpg,INFJ
data\images\47_2.jpg,INFJ
data\images\47_3.jpg,INFJ
data\images\47_4.jpg,INFJ
data\images\47_5.jpg,INFJ
data\images\48_1.jpg,INFJ
data\images\48_2.jpg,INFJ
data\images\48_3.jpg,INFJ
data\images\48_4.jpg,INFJ
data\images\48_5.jpg,INFJ
data\images\48_6.jpg,INFJ
data\images\49_1.jpg,INFJ
data\images\49_2.jpg,INFJ
data\images\49_3.jpg,INFJ
data\images\49_4.jpg,INFJ
data\images\49_5.jpg,INFJ
data\images\49_6.jpg,INFJ
data\images\49_7.jpg,INFJ
data\images\49_8.jpg,INFJ
data\images\51_1.jpg,INFJ
data\images\51_2.jpg,INFJ
data\images\51_3.jpg,INFJ
data\images\51_4.jpg,INFJ
data\images\51_5.jpg,INFJ
data\images\51_6.jpg,INFJ
data\images\51_8.jpg,INFJ
data\images\51_9.jpg,INFJ
data\images\52_2.jpg,INFJ
data\images\52_3.jpg,INFJ
data\images\52_4.jpg,INFJ
data\images\52_5.jpg,INFJ
data\images\52_6.jpg,INFJ
data\images\52_7.jpg,INFJ
data\images\52_8.jpg,INFJ
data\images\52_9.jpg,INFJ
data\images\53_2.jpg,INFJ
data\images\53_4.jpg,INFJ
data\images\53_6.jpg,INFJ
data\images\53_7.jpg,INFJ
data\images\53_8.jpg,INFJ
data\images\54_1.jpg,INFJ
data\images\54_3.jpg,INFJ
data\images\54_5.jpg,INFJ
data\images\54_6.jpg,INFJ
data\images\54_7.jpg,INFJ
data\images\56_1.jpg,INFJ
data\images\56_2.jpg,INFJ
data\images\56_4.jpg,INFJ
data\images\56_5.jpg,INFJ
data\images\56_6.jpg,INFJ
data\images\56_7.jpg,INFJ
data\images\57_1.jpg,INFJ
data\images\57_2.jpg,INFJ
data\images\57_3.jpg,INFJ
data\images\57_4.jpg,INFJ
data\images\57_5.jpg,INFJ
data\images\57_6.jpg,INFJ
data\images\57_7.jpg,INFJ
data\images\57_8.jpg,INFJ
data\images\57_9.jpg,INFJ
data\images\58_3.jpg,INFJ
data\images\58_4.jpg,INFJ
data\images\58_5.jpg,INFJ
data\images\59_1.jpg,INFJ
data\images\59_2.jpg,INFJ
data\images\59_3.jpg,INFJ
data\images\59_4.jpg,INFJ
data\images\59_5.jpg,INFJ
data\images\59_6.jpg,INFJ
data\images\59_7.jpg,INFJ
data\images\61_1.jpg,INFJ
data\images\61_2.jpg,INFJ
data\images\61_3.jpg,INFJ
data\images\61_4.jpg,INFJ
data\images\61_5.jpg,INFJ
data\images\61_6.jpg,INFJ
data\images\62_1.jpg,INFJ
data\images\62_2.jpg,INFJ
data\images\62_3.jpg,INFJ
data\images\62_4.jpg,INFJ
data\images\62_6.jpg,INFJ
data\images\62_7.jpg,INFJ
data\images\63_1.jpg,INFJ
data\images\63_2.jpg,INFJ
data\images\63_3.jpg,INFJ
data\images\63_4.jpg,INFJ
data\images\63_5.jpg,INFJ
data\images\64_1.jpg,INTJ
data\images\64_2.jpg,INTJ
data\images\64_3.jpg,INTJ
data\images\64_5.jpg,INTJ
data\images\64_7.jpg,INTJ
data\images\64_8.jpg,INTJ
data\images\64_9.jpg,INTJ
data\images\66_1.jpg,INTJ
data\images\66_2.jpg,INTJ
data\images\66_3.jpg,INTJ
data\images\66_5.jpg,INTJ
data\images\66_6.jpg,INTJ
data\images\66_7.jpg,INTJ
data\images\66_8.jpg,INTJ
data\images\66_9.jpg,INTJ
data\images\67_1.jpg,INTJ
data\images\67_2.jpg,INTJ
data\images\67_3.jpg,INTJ
data\images\67_4.jpg,INTJ
data\images\67_5.jpg,INTJ
data\images\67_6.jpg,INTJ
data\images\67_7.jpg,INTJ
data\images\67_8.jpg,INTJ
data\images\67_9.jpg,INTJ
data\images\68_1.jpg,INTJ
data\images\68_2.jpg,INTJ
data\images\68_3.jpg,INTJ
data\images\68_4.jpg,INTJ
data\images\68_5.jpg,INTJ
data\images\69_1.jpg,INTJ
data\images\69_2.jpg,INTJ
data\images\69_3.jpg,INTJ
data\images\69_4.jpg,INTJ
data\images\69_5.jpg,INTJ
data\images\69_6.jpg,INTJ
data\images\69_7.jpg,INTJ
data\images\69_8.jpg,INTJ
data\images\69_9.jpg,INTJ
data\images\71_1.jpg,INTJ
data\images\71_3.jpg,INTJ
data\images\71_4.jpg,INTJ
data\images\71_5.jpg,INTJ
data\images\72_1.jpg,INTJ
data\images\72_2.jpg,INTJ
data\images\72_3.jpg,INTJ
data\images\72_4.jpg,INTJ
data\images\72_5.jpg,INTJ
data\images\73_1.jpg,ISTP
data\images\73_2.jpg,ISTP
data\images\73_4.jpg,ISTP
data\images\73_5.jpg,ISTP
data\images\74_1.jpg,ISTP
data\images\74_4.jpg,ISTP
data\images\74_6.jpg,ISTP
data\images\76_1.jpg,ISTP
data\images\76_2.jpg,ISTP
data\images\76_3.jpg,ISTP
data\images\77_2.jpg,ISTP
data\images\77_3.jpg,ISTP
data\images\77_4.jpg,ISTP
data\images\77_5.jpg,ISTP
data\images\77_6.jpg,ISTP
data\images\78_1.jpg,ISTP
data\images\78_2.jpg,ISTP
data\images\78_3.jpg,ISTP
data\images\78_4.jpg,ISTP
data\images\78_5.jpg,ISTP
data\images\78_6.jpg,ISTP
data\images\78_7.jpg,ISTP
data\images\79_1.jpg,ISTP
data\images\79_2.jpg,ISTP
data\images\79_3.jpg,ISTP
data\images\79_4.jpg,ISTP
data\images\79_5.jpg,ISTP
data\images\79_6.jpg,ISTP
data\images\81_1.jpg,ISTP
data\images\81_2.jpg,ISTP
data\images\81_3.jpg,ISTP
data\images\81_4.jpg,ISTP
data\images\81_5.jpg,ISTP
data\images\81_6.jpg,ISTP
data\images\81_7.jpg,ISTP
data\images\82_2.jpg,ISTP
data\images\82_3.jpg,ISTP
data\images\82_4.jpg,ISTP
data\images\82_5.jpg,ISTP
data\images\82_6.jpg,ISTP
data\images\83_2.jpg,ISTP
data\images\83_3.jpg,ISTP
data\images\83_4.jpg,ISTP
data\images\83_5.jpg,ISTP
data\images\83_6.jpg,ISTP
data\images\83_7.jpg,ISTP
data\images\84_1.jpg,ISTP
data\images\84_2.jpg,ISTP
data\images\84_3.jpg,ISTP
data\images\84_4.jpg,ISTP
data\images\84_5.jpg,ISTP
data\images\84_6.jpg,ISTP
data\images\86_1.jpg,ISTP
data\images\86_2.jpg,ISTP
data\images\86_3.jpg,ISTP
data\images\86_4.jpg,ISTP
data\images\86_5.jpg,ISTP
data\images\87_1.jpg,ISFP
data\images\87_2.jpg,ISFP
data\images\87_3.jpg,ISFP
data\images\87_4.jpg,ISFP
data\images\87_5.jpg,ISFP
data\images\87_6.jpg,ISFP
data\images\88_1.jpg,ISFP
data\images\88_2.jpg,ISFP
data\images\88_3.jpg,ISFP
data\images\88_4.jpg,ISFP
data\images\89_1.jpg,ISFP
data\images\89_2.jpg,ISFP
data\images\89_3.jpg,ISFP
data\images\89_4.jpg,ISFP
data\images\89_6.jpg,ISFP
data\images\91_1.jpg,ISFP
data\images\91_2.jpg,ISFP
data\images\91_4.jpg,ISFP
data\images\91_5.jpg,ISFP
data\images\91_7.jpg,ISFP
data\images\91_8.jpg,ISFP
data\images\92_1.jpg,ISFP
data\images\92_2.jpg,ISFP
data\images\92_3.jpg,ISFP
data\images\92_4.jpg,ISFP
data\images\92_5.jpg,ISFP
data\images\92_6.jpg,ISFP
data\images\92_8.jpg,ISFP
data\images\93_1.jpg,ISFP
data\images\93_2.jpg,ISFP
data\images\93_3.jpg,ISFP
data\images\93_4.jpg,ISFP
data\images\93_5.jpg,ISFP
data\images\93_6.jpg,ISFP
data\images\93_7.jpg,ISFP
data\images\93_8.jpg,ISFP
data\images\93_9.jpg,ISFP
data\images\94_1.jpg,ISFP
data\images\94_2.jpg,ISFP
data\images\94_3.jpg,ISFP
data\images\94_4.jpg,ISFP
data\images\94_5.jpg,ISFP
data\images\96_1.jpg,ISFP
data\images\96_2.jpg,ISFP
data\images\96_3.jpg,ISFP
data\images\96_4.jpg,ISFP
data\images\96_5.jpg,ISFP
data\images\96_6.jpg,ISFP
data\images\96_7.jpg,ISFP
data\images\96_8.jpg,ISFP
data\images\96_9.jpg,ISFP
data\images\97_2.jpg,ISFP
data\images\97_3.jpg,ISFP
data\images\97_5.jpg,ISFP
data\images\97_6.jpg,ISFP
data\images\98_2.jpg,ISFP
data\images\98_3.jpg,ISFP
data\images\98_4.jpg,ISFP
data\images\98_5.jpg,ISFP
data\images\98_6.jpg,ISFP
data\images\98_7.jpg,ISFP
data\images\99_1.jpg,ISFP
data\images\99_2.jpg,ISFP
data\images\99_3.jpg,ISFP
data\images\99_4.jpg,ISFP
data\images\99_5.jpg,ISFP
data\images\101_2.jpg,ISFP
data\images\101_3.jpg,ISFP
data\images\101_6.jpg,ISFP
data\images\101_7.jpg,ISFP
data\images\101_8.jpg,ISFP
data\images\102_3.jpg,ISFP
data\images\102_4.jpg,ISFP
data\images\102_5.jpg,ISFP
data\images\103_2.jpg,ISFP
data\images\103_3.jpg,ISFP
data\images\103_5.jpg,ISFP
data\images\104_1.jpg,ISFP
data\images\104_2.jpg,ISFP
data\images\104_3.jpg,ISFP
data\images\104_4.jpg,ISFP
data\images\104_5.jpg,ISFP
data\images\106_1.jpg,ISFP
data\images\106_2.jpg,ISFP
data\images\106_3.jpg,ISFP
data\images\106_4.jpg,ISFP
data\images\106_5.jpg,ISFP
data\images\106_6.jpg,ISFP
data\images\107_1.jpg,ISFP
data\images\107_2.jpg,ISFP
data\images\107_3.jpg,ISFP
data\images\107_4.jpg,ISFP
data\images\107_5.jpg,ISFP
data\images\107_6.jpg,ISFP
data\images\107_7.jpg,ISFP
data\images\107_8.jpg,ISFP
data\images\108_2.jpg,ISFP
data\images\108_3.jpg,ISFP
data\images\108_4.jpg,ISFP
data\images\108_5.jpg,ISFP
data\images\109_1.jpg,ISFP
data\images\109_2.jpg,ISFP
data\images\109_3.jpg,ISFP
data\images\109_4.jpg,ISFP
data\images\109_5.jpg,ISFP
data\images\109_6.jpg,ISFP
data\images\109_7.jpg,ISFP
data\images\109_8.jpg,ISFP
data\images\111_1.jpg,ISFP
data\images\111_2.jpg,ISFP
data\images\111_3.jpg,ISFP
data\images\111_4.jpg,ISFP
data\images\111_5.jpg,ISFP
data\images\111_6.jpg,ISFP
data\images\111_7.jpg,ISFP
data\images\111_8.jpg,ISFP
data\images\111_9.jpg,ISFP
data\images\112_1.jpg,ISFP
data\images\112_2.jpg,ISFP
data\images\112_3.jpg,ISFP
data\images\112_4.jpg,ISFP
data\images\112_5.jpg,ISFP
data\images\112_6.jpg,ISFP
data\images\112_7.jpg,ISFP
data\images\113_1.jpg,ISFP
data\images\113_2.jpg,ISFP
data\images\113_3.jpg,ISFP
data\images\113_4.jpg,ISFP
data\images\113_5.jpg,ISFP
data\images\114_1.jpg,ISFP
data\images\114_2.jpg,ISFP
data\images\114_3.jpg,ISFP
data\images\114_4.jpg,ISFP
data\images\114_5.jpg,ISFP
data\images\114_6.jpg,ISFP
data\images\114_7.jpg,ISFP
data\images\116_1.jpg,ISFP
data\images\116_3.jpg,ISFP
data\images\116_4.jpg,ISFP
data\images\116_5.jpg,ISFP
data\images\117_1.jpg,ISFP
data\images\117_3.jpg,ISFP
data\images\117_5.jpg,ISFP
data\images\117_6.jpg,ISFP
data\images\117_7.jpg,ISFP
data\images\118_1.jpg,ISFP
data\images\118_2.jpg,ISFP
data\images\118_3.jpg,ISFP
data\images\118_4.jpg,ISFP
data\images\118_5.jpg,ISFP
data\images\118_6.jpg,ISFP
data\images\119_1.jpg,ISFP
data\images\119_2.jpg,ISFP
data\images\119_3.jpg,ISFP
data\images\119_4.jpg,ISFP
data\images\119_5.jpg,ISFP
data\images\121_2.jpg,INFP
data\images\121_3.jpg,INFP
data\images\121_6.jpg,INFP
data\images\121_7.jpg,INFP
data\images\121_8.jpg,INFP
data\images\121_9.jpg,INFP
data\images\122_1.jpg,INFP
data\images\122_2.jpg,INFP
data\images\122_3.jpg,INFP
data\images\122_4.jpg,INFP
data\images\122_5.jpg,INFP
data\images\122_6.jpg,INFP
data\images\123_1.jpg,INFP
data\images\123_2.jpg,INFP
data\images\123_3.jpg,INFP
data\images\123_4.jpg,INFP
data\images\123_5.jpg,INFP
data\images\123_7.jpg,INFP
data\images\123_8.jpg,INFP
data\images\123_9.jpg,INFP
data\images\124_1.jpg,INFP
data\images\124_2.jpg,INFP
data\images\124_3.jpg,INFP
data\images\124_4.jpg,INFP
data\images\126_1.jpg,INFP
data\images\126_2.jpg,INFP
data\images\126_4.jpg,INFP
data\images\126_5.jpg,INFP
data\images\127_1.jpg,INFP
data\images\127_2.jpg,INFP
data\images\127_4.jpg,INFP
data\images\128_1.jpg,INFP
data\images\128_3.jpg,INFP
data\images\128_4.jpg,INFP
data\images\128_5.jpg,INFP
data\images\128_6.jpg,INFP
data\images\128_7.jpg,INFP
data\images\128_8.jpg,INFP
data\images\128_9.jpg,INFP
data\images\129_1.jpg,INFP
data\images\129_2.jpg,INFP
data\images\129_3.jpg,INFP
data\images\129_4.jpg,INFP
data\images\129_5.jpg,INFP
data\images\129_6.jpg,INFP
data\images\129_7.jpg,INFP
data\images\129_8.jpg,INFP
data\images\131_1.jpg,INFP
data\images\131_2.jpg,INFP
data\images\131_3.jpg,INFP
data\images\131_4.jpg,INFP
data\images\131_5.jpg,INFP
data\images\131_6.jpg,INFP
data\images\131_7.jpg,INFP
data\images\132_2.jpg,INFP
data\images\132_3.jpg,INFP
data\images\133_1.jpg,INFP
data\images\133_2.jpg,INFP
data\images\133_3.jpg,INFP
data\images\133_4.jpg,INFP
data\images\133_5.jpg,INFP
data\images\133_6.jpg,INFP
data\images\133_7.jpg,INFP
data\images\134_1.jpg,INFP
data\images\134_2.jpg,INFP
data\images\134_3.jpg,INFP
data\images\134_4.jpg,INFP
data\images\134_5.jpg,INFP
data\images\134_6.jpg,INFP
data\images\134_7.jpg,INFP
data\images\134_8.jpg,INFP
data\images\134_9.jpg,INFP
data\images\136_1.jpg,INFP
data\images\136_2.jpg,INFP
data\images\136_3.jpg,INFP
data\images\136_4.jpg,INFP
data\images\136_5.jpg,INFP
data\images\136_6.jpg,INFP
data\images\137_1.jpg,INFP
data\images\137_2.jpg,INFP
data\images\137_3.jpg,INFP
data\images\137_4.jpg,INFP
data\images\137_5.jpg,INFP
data\images\138_2.jpg,INFP
data\images\138_3.jpg,INFP
data\images\139_1.jpg,INFP
data\images\139_2.jpg,INFP
data\images\139_3.jpg,INFP
data\images\139_4.jpg,INFP
data\images\139_5.jpg,INFP
data\images\139_6.jpg,INFP
data\images\139_7.jpg,INFP
data\images\139_8.jpg,INFP
data\images\139_9.jpg,INFP
data\images\141_1.jpg,INFP
data\images\141_2.jpg,INFP
data\images\141_3.jpg,INFP
data\images\141_4.jpg,INFP
data\images\141_5.jpg,INFP
data\images\141_6.jpg,INFP
data\images\141_7.jpg,INFP
data\images\141_8.jpg,INFP
data\images\141_9.jpg,INFP
data\images\142_1.jpg,INFP
data\images\142_2.jpg,INFP
data\images\142_3.jpg,INFP
data\images\142_4.jpg,INFP
data\images\142_5.jpg,INFP
data\images\143_1.jpg,INFP
data\images\143_2.jpg,INFP
data\images\143_3.jpg,INFP
data\images\143_4.jpg,INFP
data\images\143_5.jpg,INFP
data\images\144_1.jpg,INFP
data\images\144_2.jpg,INFP
data\images\144_3.jpg,INFP
data\images\144_4.jpg,INFP
data\images\144_6.jpg,INFP
data\images\144_7.jpg,INFP
data\images\146_1.jpg,INFP
data\images\146_2.jpg,INFP
data\images\146_4.jpg,INFP
data\images\146_5.jpg,INFP
data\images\146_8.jpg,INFP
data\images\146_9.jpg,INFP
data\images\147_1.jpg,INFP
data\images\147_3.jpg,INFP
data\images\147_4.jpg,INFP
data\images\147_5.jpg,INFP
data\images\147_6.jpg,INFP
data\images\148_1.jpg,INFP
data\images\148_2.jpg,INFP
data\images\148_3.jpg,INFP
data\images\148_4.jpg,INFP
data\images\148_5.jpg,INFP
data\images\148_6.jpg,INFP
data\images\149_1.jpg,INFP
data\images\149_2.jpg,INFP
data\images\149_3.jpg,INFP
data\images\149_4.jpg,INFP
data\images\149_5.jpg,INFP
data\images\149_6.jpg,INFP
data\images\149_7.jpg,INFP
data\images\149_8.jpg,INFP
data\images\151_1.jpg,INFP
data\images\151_3.jpg,INFP
data\images\151_4.jpg,INFP
data\images\151_5.jpg,INFP
data\images\152_1.jpg,INFP
data\images\152_2.jpg,INFP
data\images\152_3.jpg,INFP
data\images\152_4.jpg,INFP
data\images\152_6.jpg,INFP
data\images\152_7.jpg,INFP
data\images\153_4.jpg,INFP
data\images\153_5.jpg,INFP
data\images\153_6.jpg,INFP
data\images\153_7.jpg,INFP
data\images\153_8.jpg,INFP
data\images\154_1.jpg,INFP
data\images\154_2.jpg,INFP
data\images\154_3.jpg,INFP
data\images\154_4.jpg,INFP
data\images\154_5.jpg,INFP
data\images\154_6.jpg,INFP
data\images\154_7.jpg,INFP
data\images\154_8.jpg,INFP
data\images\154_9.jpg,INFP
data\images\156_1.jpg,INFP
data\images\156_2.jpg,INFP
data\images\156_4.jpg,INFP
data\images\156_5.jpg,INFP
data\images\156_6.jpg,INFP
data\images\156_7.jpg,INFP
data\images\157_1.jpg,INFP
data\images\157_2.jpg,INFP
data\images\157_3.jpg,INFP
data\images\157_4.jpg,INFP
data\images\157_5.jpg,INFP
data\images\158_1.jpg,INFP
data\images\158_2.jpg,INFP
data\images\158_3.jpg,INFP
data\images\158_4.jpg,INFP
data\images\158_5.jpg,INFP
data\images\159_1.jpg,INFP
data\images\159_2.jpg,INFP
data\images\159_4.jpg,INFP
data\images\159_6.jpg,INFP
data\images\161_1.jpg,INFP
data\images\161_2.jpg,INFP
data\images\161_3.jpg,INFP
data\images\161_4.jpg,INFP
data\images\161_5.jpg,INFP
data\images\161_6.jpg,INFP
data\images\161_7.jpg,INFP
data\images\161_8.jpg,INFP
data\images\161_9.jpg,INFP
data\images\162_1.jpg,INFP
data\images\162_2.jpg,INFP
data\images\162_3.jpg,INFP
data\images\162_4.jpg,INFP
data\images\162_5.jpg,INFP
data\images\162_6.jpg,INFP
data\images\162_7.jpg,INFP
data\images\163_1.jpg,INFP
data\images\163_2.jpg,INFP
data\images\163_3.jpg,INFP
data\images\163_4.jpg,INFP
data\images\163_5.jpg,INFP
data\images\163_6.jpg,INFP
data\images\164_2.jpg,INFP
data\images\164_4.jpg,INFP
data\images\164_5.jpg,INFP
data\images\164_6.jpg,INFP
data\images\166_1.jpg,INFP
data\images\166_3.jpg,INFP
data\images\166_4.jpg,INFP
data\images\166_5.jpg,INFP
data\images\167_1.jpg,INFP
data\images\167_2.jpg,INFP
data\images\167_3.jpg,INFP
data\images\167_4.jpg,INFP
data\images\167_5.jpg,INFP
data\images\168_1.jpg,INFP
data\images\168_2.jpg,INFP
data\images\168_3.jpg,INFP
data\images\168_4.jpg,INFP
data\images\168_5.jpg,INFP
data\images\169_1.jpg,INFP
data\images\169_4.jpg,INFP
data\images\169_5.jpg,INFP
data\images\171_1.jpg,INFP
data\images\171_2.jpg,INFP
data\images\171_4.jpg,INFP
data\images\171_5.jpg,INFP
data\images\171_6.jpg,INFP
data\images\171_7.jpg,INFP
data\images\171_8.jpg,INFP
data\images\172_1.jpg,INFP
data\images\172_6.jpg,INFP
data\images\173_1.jpg,INFP
data\images\173_2.jpg,INFP
data\images\173_3.jpg,INFP
data\images\173_4.jpg,INFP
data\images\173_5.jpg,INFP
data\images\173_6.jpg,INFP
data\images\173_9.jpg,INFP
data\images\174_1.jpg,INFP
data\images\174_2.jpg,INFP
data\images\174_4.jpg,INFP
data\images\174_5.jpg,INFP
data\images\176_1.jpg,INFP
data\images\176_2.jpg,INFP
data\images\176_3.jpg,INFP
data\images\176_4.jpg,INFP
data\images\176_5.jpg,INFP
data\images\176_6.jpg,INFP
data\images\177_2.jpg,INFP
data\images\177_3.jpg,INFP
data\images\177_5.jpg,INFP
data\images\178_3.jpg,INFP
data\images\178_4.jpg,INFP
data\images\179_1.jpg,INFP
data\images\179_2.jpg,INFP
data\images\179_3.jpg,INFP
data\images\179_4.jpg,INFP
data\images\179_5.jpg,INFP
data\images\181_1.jpg,INFP
data\images\181_2.jpg,INFP
data\images\181_3.jpg,INFP
data\images\181_4.jpg,INFP
data\images\181_5.jpg,INFP
data\images\182_1.jpg,INTP
data\images\182_2.jpg,INTP
data\images\182_3.jpg,INTP
data\images\182_5.jpg,INTP
data\images\183_1.jpg,INTP
data\images\183_2.jpg,INTP
data\images\183_3.jpg,INTP
data\images\183_4.jpg,INTP
data\images\184_1.jpg,INTP
data\images\184_3.jpg,INTP
data\images\184_7.jpg,INTP
data\images\186_1.jpg,INTP
data\images\186_2.jpg,INTP
data\images\186_3.jpg,INTP
data\images\186_4.jpg,INTP
data\images\186_5.jpg,INTP
data\images\186_6.jpg,INTP
data\images\186_7.jpg,INTP
data\images\186_8.jpg,INTP
data\images\187_2.jpg,INTP
data\images\187_3.jpg,INTP
data\images\187_4.jpg,INTP
data\images\187_5.jpg,INTP
data\images\187_6.jpg,INTP
data\images\187_7.jpg,INTP
data\images\187_8.jpg,INTP
data\images\188_1.jpg,INTP
data\images\188_2.jpg,INTP
data\images\188_3.jpg,INTP
data\images\188_4.jpg,INTP
data\images\189_1.jpg,INTP
data\images\189_2.jpg,INTP
data\images\189_3.jpg,INTP
data\images\189_4.jpg,INTP
data\images\189_5.jpg,INTP
data\images\189_6.jpg,INTP
data\images\189_7.jpg,INTP
data\images\191_3.jpg,INTP
data\images\191_5.jpg,INTP
data\images\192_1.jpg,INTP
data\images\192_2.jpg,INTP
data\images\192_3.jpg,INTP
data\images\192_4.jpg,INTP
data\images\192_5.jpg,INTP
data\images\193_1.jpg,INTP
data\images\193_2.jpg,INTP
data\images\193_3.jpg,INTP
data\images\193_4.jpg,INTP
data\images\193_5.jpg,INTP
data\images\194_1.jpg,INTP
data\images\194_2.jpg,INTP
data\images\194_3.jpg,INTP
data\images\194_4.jpg,INTP
data\images\194_5.jpg,INTP
data\images\196_4.jpg,INTP
data\images\197_4.jpg,INTP
data\images\198_1.jpg,INTP
data\images\198_2.jpg,INTP
data\images\198_3.jpg,INTP
data\images\198_4.jpg,INTP
data\images\198_5.jpg,INTP
data\images\198_6.jpg,INTP
data\images\199_1.jpg,INTP
data\images\199_2.jpg,INTP
data\images\199_3.jpg,INTP
data\images\199_5.jpg,INTP
data\images\199_6.jpg,INTP
data\images\199_7.jpg,INTP
data\images\199_8.jpg,INTP
data\images\201_1.jpg,INTP
data\images\201_2.jpg,INTP
data\images\201_5.jpg,INTP
data\images\201_6.jpg,INTP
data\images\201_9.jpg,INTP
data\images\202_1.jpg,INTP
data\images\202_3.jpg,INTP
data\images\202_4.jpg,INTP
data\images\202_5.jpg,INTP
data\images\202_6.jpg,INTP
data\images\202_7.jpg,INTP
data\images\202_8.jpg,INTP
data\images\202_9.jpg,INTP
data\images\203_1.jpg,ESTP
data\images\203_2.jpg,ESTP
data\images\203_4.jpg,ESTP
data\images\203_5.jpg,ESTP
data\images\203_6.jpg,ESTP
data\images\203_7.jpg,ESTP
data\images\203_8.jpg,ESTP
data\images\203_9.jpg,ESTP
data\images\204_1.jpg,ESTP
data\images\204_2.jpg,ESTP
data\images\204_3.jpg,ESTP
data\images\204_4.jpg,ESTP
data\images\204_5.jpg,ESTP
data\images\204_6.jpg,ESTP
data\images\204_7.jpg,ESTP
data\images\204_8.jpg,ESTP
data\images\204_9.jpg,ESTP
data\images\206_1.jpg,ESFP
data\images\206_2.jpg,ESFP
data\images\206_3.jpg,ESFP
data\images\206_4.jpg,ESFP
data\images\206_5.jpg,ESFP
data\images\206_6.jpg,ESFP
data\images\206_7.jpg,ESFP
data\images\206_8.jpg,ESFP
data\images\206_9.jpg,ESFP
data\images\207_1.jpg,ESFP
data\images\207_2.jpg,ESFP
data\images\207_3.jpg,ESFP
data\images\207_4.jpg,ESFP
data\images\207_8.jpg,ESFP
data\images\207_9.jpg,ESFP
data\images\208_2.jpg,ESFP
data\images\208_4.jpg,ESFP
data\images\208_6.jpg,ESFP
data\images\208_8.jpg,ESFP
data\images\208_9.jpg,ESFP
data\images\209_1.jpg,ESFP
data\images\209_3.jpg,ESFP
data\images\209_4.jpg,ESFP
data\images\209_5.jpg,ESFP
data\images\209_7.jpg,ESFP
data\images\209_8.jpg,ESFP
data\images\209_9.jpg,ESFP
data\images\211_1.jpg,ESFP
data\images\211_2.jpg,ESFP
data\images\211_3.jpg,ESFP
data\images\211_4.jpg,ESFP
data\images\211_6.jpg,ESFP
data\images\211_8.jpg,ESFP
data\images\211_9.jpg,ESFP
data\images\212_1.jpg,ESFP
data\images\212_2.jpg,ESFP
data\images\212_3.jpg,ESFP
data\images\212_4.jpg,ESFP
data\images\212_5.jpg,ESFP
data\images\212_6.jpg,ESFP
data\images\212_7.jpg,ESFP
data\images\212_8.jpg,ESFP
data\images\212_9.jpg,ESFP
data\images\213_1.jpg,ESFP
data\images\213_3.jpg,ESFP
data\images\213_4.jpg,ESFP
data\images\213_6.jpg,ESFP
data\images\213_8.jpg,ESFP
data\images\213_9.jpg,ESFP
data\images\214_1.jpg,ESFP
data\images\214_2.jpg,ESFP
data\images\214_3.jpg,ESFP
data\images\214_4.jpg,ESFP
data\images\214_5.jpg,ESFP
data\images\214_6.jpg,ESFP
data\images\214_7.jpg,ESFP
data\images\214_8.jpg,ESFP
data\images\214_9.jpg,ESFP
data\images\216_1.jpg,ESFP
data\images\216_2.jpg,ESFP
data\images\216_3.jpg,ESFP
data\images\216_4.jpg,ESFP
data\images\216_5.jpg,ESFP
data\images\216_6.jpg,ESFP
data\images\217_1.jpg,ESFP
data\images\217_2.jpg,ESFP
data\images\217_4.jpg,ESFP
data\images\217_6.jpg,ESFP
data\images\217_7.jpg,ESFP
data\images\217_8.jpg,ESFP
data\images\218_1.jpg,ESFP
data\images\218_2.jpg,ESFP
data\images\218_6.jpg,ESFP
data\images\218_7.jpg,ESFP
data\images\218_8.jpg,ESFP
data\images\218_9.jpg,ESFP
data\images\219_1.jpg,ESFP
data\images\219_2.jpg,ESFP
data\images\219_3.jpg,ESFP
data\images\219_4.jpg,ESFP
data\images\219_5.jpg,ESFP
data\images\219_6.jpg,ESFP
data\images\219_7.jpg,ESFP
data\images\219_8.jpg,ESFP
data\images\219_9.jpg,ESFP
data\images\221_1.jpg,ESFP
data\images\221_2.jpg,ESFP
data\images\221_3.jpg,ESFP
data\images\221_5.jpg,ESFP
data\images\221_6.jpg,ESFP
data\images\222_1.jpg,ESFP
data\images\222_2.jpg,ESFP
data\images\222_3.jpg,ESFP
data\images\222_4.jpg,ESFP
data\images\222_5.jpg,ESFP
data\images\222_6.jpg,ESFP
data\images\222_7.jpg,ESFP
data\images\222_8.jpg,ESFP
data\images\222_9.jpg,ESFP
data\images\223_1.jpg,ESFP
data\images\223_2.jpg,ESFP
data\images\223_3.jpg,ESFP
data\images\223_4.jpg,ESFP
data\images\223_5.jpg,ESFP
data\images\223_6.jpg,ESFP
data\images\223_7.jpg,ESFP
data\images\223_8.jpg,ESFP
data\images\223_9.jpg,ESFP
data\images\224_4.jpg,ESFP
data\images\226_2.jpg,ENFP
data\images\226_7.jpg,ENFP
data\images\227_1.jpg,ENFP
data\images\227_2.jpg,ENFP
data\images\227_3.jpg,ENFP
data\images\227_4.jpg,ENFP
data\images\227_5.jpg,ENFP
data\images\228_1.jpg,ENFP
data\images\228_2.jpg,ENFP
data\images\228_3.jpg,ENFP
data\images\228_4.jpg,ENFP
data\images\228_5.jpg,ENFP
data\images\229_1.jpg,ENFP
data\images\229_2.jpg,ENFP
data\images\229_3.jpg,ENFP
data\images\229_6.jpg,ENFP
data\images\231_1.jpg,ENFP
data\images\231_2.jpg,ENFP
data\images\231_3.jpg,ENFP
data\images\231_4.jpg,ENFP
data\images\231_6.jpg,ENFP
data\images\231_7.jpg,ENFP
data\images\231_8.jpg,ENFP
data\images\231_9.jpg,ENFP
data\images\232_1.jpg,ENFP
data\images\232_2.jpg,ENFP
data\images\232_3.jpg,ENFP
data\images\232_4.jpg,ENFP
data\images\232_6.jpg,ENFP
data\images\232_7.jpg,ENFP
data\images\232_8.jpg,ENFP
data\images\233_2.jpg,ENFP
data\images\234_2.jpg,ENFP
data\images\234_3.jpg,ENFP
data\images\234_4.jpg,ENFP
data\images\234_7.jpg,ENFP
data\images\236_1.jpg,ENFP
data\images\236_2.jpg,ENFP
data\images\236_4.jpg,ENFP
data\images\236_6.jpg,ENFP
data\images\236_7.jpg,ENFP
data\images\236_8.jpg,ENFP
data\images\236_9.jpg,ENFP
data\images\237_1.jpg,ENFP
data\images\237_2.jpg,ENFP
data\images\237_3.jpg,ENFP
data\images\237_4.jpg,ENFP
data\images\237_5.jpg,ENFP
data\images\237_6.jpg,ENFP
data\images\237_7.jpg,ENFP
data\images\237_8.jpg,ENFP
data\images\238_1.jpg,ENFP
data\images\238_4.jpg,ENFP
data\images\238_5.jpg,ENFP
data\images\238_7.jpg,ENFP
data\images\238_8.jpg,ENFP
data\images\239_1.jpg,ENFP
data\images\239_4.jpg,ENFP
data\images\239_7.jpg,ENFP
data\images\241_1.jpg,ENFP
data\images\241_3.jpg,ENFP
data\images\241_4.jpg,ENFP
data\images\241_6.jpg,ENFP
data\images\242_1.jpg,ENFP
data\images\242_2.jpg,ENFP
data\images\242_3.jpg,ENFP
data\images\242_4.jpg,ENFP
data\images\242_5.jpg,ENFP
data\images\242_6.jpg,ENFP
data\images\242_7.jpg,ENFP
data\images\242_8.jpg,ENFP
data\images\243_1.jpg,ENFP
data\images\243_2.jpg,ENFP
data\images\243_3.jpg,ENFP
data\images\243_4.jpg,ENFP
data\images\243_6.jpg,ENFP
data\images\244_4.jpg,ENFP
data\images\244_5.jpg,ENFP
data\images\244_6.jpg,ENFP
data\images\244_7.jpg,ENFP
data\images\244_8.jpg,ENFP
data\images\244_9.jpg,ENFP
data\images\246_4.jpg,ENFP
data\images\246_5.jpg,ENFP
data\images\246_6.jpg,ENFP
data\images\247_1.jpg,ENFP
data\images\247_4.jpg,ENFP
data\images\247_7.jpg,ENFP
data\images\247_8.jpg,ENFP
data\images\248_1.jpg,ENFP
data\images\248_2.jpg,ENFP
data\images\248_3.jpg,ENFP
data\images\248_4.jpg,ENFP
data\images\248_5.jpg,ENFP
data\images\248_7.jpg,ENFP
data\images\248_8.jpg,ENFP
data\images\248_9.jpg,ENFP
data\images\249_1.jpg,ENFP
data\images\249_3.jpg,ENFP
data\images\249_4.jpg,ENFP
data\images\249_5.jpg,ENFP
data\images\249_6.jpg,ENFP
data\images\249_7.jpg,ENFP
data\images\249_8.jpg,ENFP
data\images\251_2.jpg,ENFP
data\images\251_3.jpg,ENFP
data\images\251_4.jpg,ENFP
data\images\251_5.jpg,ENFP
data\images\251_8.jpg,ENFP
data\images\251_9.jpg,ENFP
data\images\252_1.jpg,ENFP
data\images\252_4.jpg,ENFP
data\images\252_5.jpg,ENFP
data\images\252_6.jpg,ENFP
data\images\252_7.jpg,ENFP
data\images\252_9.jpg,ENFP
data\images\253_1.jpg,ENFP
data\images\253_2.jpg,ENFP
data\images\253_3.jpg,ENFP
data\images\253_5.jpg,ENFP
data\images\253_6.jpg,ENFP
data\images\253_7.jpg,ENFP
data\images\253_8.jpg,ENFP
data\images\253_9.jpg,ENFP
data\images\254_2.jpg,ENFP
data\images\254_3.jpg,ENFP
data\images\254_4.jpg,ENFP
data\images\254_5.jpg,ENFP
data\images\254_6.jpg,ENFP
data\images\254_7.jpg,ENFP
data\images\254_8.jpg,ENFP
data\images\256_1.jpg,ENFP
data\images\256_2.jpg,ENFP
data\images\256_3.jpg,ENFP
data\images\256_4.jpg,ENFP
data\images\256_5.jpg,ENFP
data\images\256_6.jpg,ENFP
data\images\256_7.jpg,ENFP
data\images\256_8.jpg,ENFP
data\images\256_9.jpg,ENFP
data\images\257_1.jpg,ENFP
data\images\257_2.jpg,ENFP
data\images\257_3.jpg,ENFP
data\images\257_4.jpg,ENFP
data\images\257_5.jpg,ENFP
data\images\257_6.jpg,ENFP
data\images\257_7.jpg,ENFP
data\images\257_8.jpg,ENFP
data\images\258_1.jpg,ENFP
data\images\258_2.jpg,ENFP
data\images\258_3.jpg,ENFP
data\images\258_4.jpg,ENFP
data\images\258_5.jpg,ENFP
data\images\258_6.jpg,ENFP
data\images\259_1.jpg,ENFP
data\images\259_2.jpg,ENFP
data\images\259_3.jpg,ENFP
data\images\259_4.jpg,ENFP
data\images\259_5.jpg,ENFP
data\images\259_6.jpg,ENFP
data\images\259_7.jpg,ENFP
data\images\259_8.jpg,ENFP
data\images\261_1.jpg,ENFP
data\images\261_3.jpg,ENFP
data\images\261_4.jpg,ENFP
data\images\261_5.jpg,ENFP
data\images\261_6.jpg,ENFP
data\images\261_7.jpg,ENFP
data\images\261_8.jpg,ENFP
data\images\261_9.jpg,ENFP
data\images\262_2.jpg,ENFP
data\images\262_4.jpg,ENFP
data\images\262_5.jpg,ENFP
data\images\262_6.jpg,ENFP
data\images\262_7.jpg,ENFP
data\images\262_8.jpg,ENFP
data\images\262_9.jpg,ENFP
data\images\263_1.jpg,ENFP
data\images\263_2.jpg,ENFP
data\images\263_3.jpg,ENFP
data\images\263_4.jpg,ENFP
data\images\263_5.jpg,ENFP
data\images\264_1.jpg,ENFP
data\images\264_3.jpg,ENFP
data\images\264_6.jpg,ENFP
data\images\264_7.jpg,ENFP
data\images\266_1.jpg,ENFP
data\images\266_4.jpg,ENFP
data\images\266_5.jpg,ENFP
data\images\266_6.jpg,ENFP
data\images\267_1.jpg,ENFP
data\images\267_2.jpg,ENFP
data\images\267_3.jpg,ENFP
data\images\267_4.jpg,ENFP
data\images\267_5.jpg,ENFP
data\images\267_6.jpg,ENFP
data\images\268_3.jpg,ENFP
data\images\268_5.jpg,ENFP
data\images\268_7.jpg,ENFP
data\images\268_8.jpg,ENFP
data\images\269_1.jpg,ENFP
data\images\269_2.jpg,ENFP
data\images\269_3.jpg,ENFP
data\images\269_4.jpg,ENFP
data\images\269_5.jpg,ENFP
data\images\269_6.jpg,ENFP
data\images\271_1.jpg,ENFP
data\images\271_3.jpg,ENFP
data\images\271_4.jpg,ENFP
data\images\271_5.jpg,ENFP
data\images\271_6.jpg,ENFP
data\images\271_8.jpg,ENFP
data\images\271_9.jpg,ENFP
data\images\272_1.jpg,ENFP
data\images\272_2.jpg,ENFP
data\images\272_3.jpg,ENFP
data\images\272_6.jpg,ENFP
data\images\272_7.jpg,ENFP
data\images\272_9.jpg,ENFP
data\images\273_1.jpg,ENFP
data\images\273_3.jpg,ENFP
data\images\273_4.jpg,ENFP
data\images\273_5.jpg,ENFP
data\images\273_6.jpg,ENFP
data\images\274_2.jpg,ENFP
data\images\274_3.jpg,ENFP
data\images\274_4.jpg,ENFP
data\images\274_5.jpg,ENFP
data\images\274_6.jpg,ENFP
data\images\274_7.jpg,ENFP
data\images\274_8.jpg,ENFP
data\images\276_1.jpg,ENFP
data\images\276_2.jpg,ENFP
data\images\276_3.jpg,ENFP
data\images\276_5.jpg,ENFP
data\images\276_6.jpg,ENFP
data\images\276_7.jpg,ENFP
data\images\276_8.jpg,ENFP
data\images\276_9.jpg,ENFP
data\images\277_1.jpg,ENFP
data\images\277_2.jpg,ENFP
data\images\277_3.jpg,ENFP
data\images\277_4.jpg,ENFP
data\images\277_5.jpg,ENFP
data\images\277_6.jpg,ENFP
data\images\277_7.jpg,ENFP
data\images\277_8.jpg,ENFP
data\images\277_9.jpg,ENFP
data\images\278_2.jpg,ENFP
data\images\278_3.jpg,ENFP
data\images\278_4.jpg,ENFP
data\images\278_5.jpg,ENFP
data\images\279_1.jpg,ENFP
data\images\279_2.jpg,ENFP
data\images\279_4.jpg,ENFP
data\images\279_5.jpg,ENFP
data\images\279_6.jpg,ENFP
data\images\279_7.jpg,ENFP
data\images\279_9.jpg,ENFP
data\images\281_1.jpg,ENFP
data\images\281_2.jpg,ENFP
data\images\281_3.jpg,ENFP
data\images\281_4.jpg,ENFP
data\images\281_6.jpg,ENFP
data\images\281_7.jpg,ENFP
data\images\281_8.jpg,ENFP
data\images\281_9.jpg,ENFP
data\images\282_1.jpg,ENFP
data\images\282_3.jpg,ENFP
data\images\282_5.jpg,ENFP
data\images\282_6.jpg,ENFP
data\images\282_7.jpg,ENFP
data\images\282_8.jpg,ENFP
data\images\282_9.jpg,ENFP
data\images\283_1.jpg,ENFP
data\images\283_3.jpg,ENFP
data\images\283_4.jpg,ENFP
data\images\283_5.jpg,ENFP
data\images\283_7.jpg,ENFP
data\images\283_8.jpg,ENFP
data\images\283_9.jpg,ENFP
data\images\284_1.jpg,ENFP
data\images\284_2.jpg,ENFP
data\images\284_3.jpg,ENFP
data\images\284_4.jpg,ENFP
data\images\284_5.jpg,ENFP
data\images\284_6.jpg,ENFP
data\images\286_1.jpg,ENFP
data\images\286_2.jpg,ENFP
data\images\286_3.jpg,ENFP
data\images\286_4.jpg,ENFP
data\images\286_5.jpg,ENFP
data\images\286_6.jpg,ENFP
data\images\287_1.jpg,ENTP
data\images\287_4.jpg,ENTP
data\images\287_5.jpg,ENTP
data\images\287_6.jpg,ENTP
data\images\287_7.jpg,ENTP
data\images\287_8.jpg,ENTP
data\images\288_1.jpg,ENTP
data\images\288_2.jpg,ENTP
data\images\288_3.jpg,ENTP
data\images\288_4.jpg,ENTP
data\images\288_6.jpg,ENTP
data\images\288_7.jpg,ENTP
data\images\289_1.jpg,ENTP
data\images\289_2.jpg,ENTP
data\images\289_3.jpg,ENTP
data\images\289_5.jpg,ENTP
data\images\289_8.jpg,ENTP
data\images\291_1.jpg,ENTP
data\images\291_2.jpg,ENTP
data\images\291_3.jpg,ENTP
data\images\291_4.jpg,ENTP
data\images\291_6.jpg,ENTP
data\images\291_7.jpg,ENTP
data\images\291_8.jpg,ENTP
data\images\291_9.jpg,ENTP
data\images\292_1.jpg,ENTP
data\images\292_2.jpg,ENTP
data\images\292_3.jpg,ENTP
data\images\292_4.jpg,ENTP
data\images\292_5.jpg,ENTP
data\images\292_6.jpg,ENTP
data\images\292_7.jpg,ENTP
data\images\293_1.jpg,ENTP
data\images\293_2.jpg,ENTP
data\images\293_3.jpg,ENTP
data\images\293_4.jpg,ENTP
data\images\293_5.jpg,ENTP
data\images\294_4.jpg,ENTP
data\images\294_6.jpg,ENTP
data\images\296_1.jpg,ENTP
data\images\296_2.jpg,ENTP
data\images\296_3.jpg,ENTP
data\images\296_4.jpg,ENTP
data\images\296_5.jpg,ENTP
data\images\296_6.jpg,ENTP
data\images\296_8.jpg,ENTP
data\images\296_9.jpg,ENTP
data\images\297_1.jpg,ENTP
data\images\297_2.jpg,ENTP
data\images\297_3.jpg,ENTP
data\images\297_5.jpg,ENTP
data\images\298_1.jpg,ENTP
data\images\298_2.jpg,ENTP
data\images\298_3.jpg,ENTP
data\images\298_4.jpg,ENTP
data\images\298_5.jpg,ENTP
data\images\298_6.jpg,ENTP
data\images\298_7.jpg,ENTP
data\images\299_1.jpg,ENTP
data\images\299_2.jpg,ENTP
data\images\299_3.jpg,ENTP
data\images\299_4.jpg,ENTP
data\images\299_5.jpg,ENTP
data\images\299_6.jpg,ENTP
data\images\299_7.jpg,ENTP
data\images\301_2.jpg,ENTP
data\images\301_3.jpg,ENTP
data\images\301_4.jpg,ENTP
data\images\301_5.jpg,ENTP
data\images\301_6.jpg,ENTP
data\images\301_7.jpg,ENTP
data\images\301_8.jpg,ENTP
data\images\301_9.jpg,ENTP
data\images\302_1.jpg,ENTP
data\images\302_2.jpg,ENTP
data\images\302_3.jpg,ENTP
data\images\302_4.jpg,ENTP
data\images\302_5.jpg,ENTP
data\images\303_1.jpg,ENTP
data\images\303_2.jpg,ENTP
data\images\303_3.jpg,ENTP
data\images\303_4.jpg,ENTP
data\images\303_5.jpg,ENTP
data\images\303_6.jpg,ENTP
data\images\303_7.jpg,ENTP
data\images\303_9.jpg,ENTP
data\images\304_1.jpg,ENTP
data\images\304_2.jpg,ENTP
data\images\304_4.jpg,ENTP
data\images\304_5.jpg,ENTP
data\images\304_7.jpg,ENTP
data\images\304_8.jpg,ENTP
data\images\304_9.jpg,ENTP
data\images\306_1.jpg,ENTP
data\images\306_2.jpg,ENTP
data\images\306_4.jpg,ENTP
data\images\306_5.jpg,ENTP
data\images\307_1.jpg,ENTP
data\images\307_2.jpg,ENTP
data\images\307_3.jpg,ENTP
data\images\307_4.jpg,ENTP
data\images\307_6.jpg,ENTP
data\images\308_1.jpg,ESTJ
data\images\308_2.jpg,ESTJ
data\images\308_3.jpg,ESTJ
data\images\308_4.jpg,ESTJ
data\images\308_5.jpg,ESTJ
data\images\308_6.jpg,ESTJ
data\images\308_7.jpg,ESTJ
data\images\308_8.jpg,ESTJ
data\images\309_1.jpg,ESTJ
data\images\309_2.jpg,ESTJ
data\images\309_3.jpg,ESTJ
data\images\309_4.jpg,ESTJ
data\images\309_5.jpg,ESTJ
data\images\309_6.jpg,ESTJ
data\images\309_7.jpg,ESTJ
data\images\311_1.jpg,ESTJ
data\images\311_2.jpg,ESTJ
data\images\311_3.jpg,ESTJ
data\images\311_6.jpg,ESTJ
data\images\311_7.jpg,ESTJ
data\images\311_8.jpg,ESTJ
data\images\312_1.jpg,ESTJ
data\images\312_2.jpg,ESTJ
data\images\312_3.jpg,ESTJ
data\images\312_4.jpg,ESTJ
data\images\312_5.jpg,ESTJ
data\images\312_6.jpg,ESTJ
data\images\312_7.jpg,ESTJ
data\images\312_8.jpg,ESTJ
data\images\312_9.jpg,ESTJ
data\images\313_1.jpg,ESTJ
data\images\313_2.jpg,ESTJ
data\images\313_3.jpg,ESTJ
data\images\313_4.jpg,ESTJ
data\images\313_5.jpg,ESTJ
data\images\313_6.jpg,ESTJ
data\images\313_7.jpg,ESTJ
data\images\313_8.jpg,ESTJ
data\images\313_9.jpg,ESTJ
data\images\314_1.jpg,ESTJ
data\images\314_3.jpg,ESTJ
data\images\314_6.jpg,ESTJ
data\images\314_7.jpg,ESTJ
data\images\314_8.jpg,ESTJ
data\images\316_2.jpg,ESFJ
data\images\316_3.jpg,ESFJ
data\images\316_4.jpg,ESFJ
data\images\316_5.jpg,ESFJ
data\images\316_6.jpg,ESFJ
data\images\316_7.jpg,ESFJ
data\images\316_8.jpg,ESFJ
data\images\317_1.jpg,ESFJ
data\images\317_3.jpg,ESFJ
data\images\317_4.jpg,ESFJ
data\images\317_5.jpg,ESFJ
data\images\318_1.jpg,ESFJ
data\images\318_2.jpg,ESFJ
data\images\318_3.jpg,ESFJ
data\images\318_4.jpg,ESFJ
data\images\318_6.jpg,ESFJ
data\images\318_8.jpg,ESFJ
data\images\319_1.jpg,ESFJ
data\images\319_2.jpg,ESFJ
data\images\319_3.jpg,ESFJ
data\images\319_4.jpg,ESFJ
data\images\319_5.jpg,ESFJ
data\images\319_8.jpg,ESFJ
data\images\319_9.jpg,ESFJ
data\images\321_1.jpg,ESFJ
data\images\321_4.jpg,ESFJ
data\images\321_5.jpg,ESFJ
data\images\321_6.jpg,ESFJ
data\images\322_1.jpg,ESFJ
data\images\322_2.jpg,ESFJ
data\images\322_3.jpg,ESFJ
data\images\322_4.jpg,ESFJ
data\images\322_5.jpg,ESFJ
data\images\323_3.jpg,ESFJ
data\images\323_5.jpg,ESFJ
data\images\323_6.jpg,ESFJ
data\images\324_1.jpg,ESFJ
data\images\324_2.jpg,ESFJ
data\images\324_3.jpg,ESFJ
data\images\324_4.jpg,ESFJ
data\images\324_6.jpg,ESFJ
data\images\326_1.jpg,ESFJ
data\images\326_2.jpg,ESFJ
data\images\326_5.jpg,ESFJ
data\images\327_1.jpg,ESFJ
data\images\327_2.jpg,ESFJ
data\images\327_3.jpg,ESFJ
data\images\327_7.jpg,ESFJ
data\images\328_1.jpg,ESFJ
data\images\328_2.jpg,ESFJ
data\images\328_3.jpg,ESFJ
data\images\328_4.jpg,ESFJ
data\images\328_5.jpg,ESFJ
data\images\328_6.jpg,ESFJ
data\images\328_7.jpg,ESFJ
data\images\328_8.jpg,ESFJ
data\images\329_2.jpg,ESFJ
data\images\329_3.jpg,ESFJ
data\images\329_4.jpg,ESFJ
data\images\329_5.jpg,ESFJ
data\images\329_7.jpg,ESFJ
data\images\329_8.jpg,ESFJ
data\images\329_9.jpg,ESFJ
data\images\331_5.jpg,ESFJ
data\images\331_9.jpg,ESFJ
data\images\332_1.jpg,ESFJ
data\images\332_3.jpg,ESFJ
data\images\332_4.jpg,ESFJ
data\images\332_5.jpg,ESFJ
data\images\332_6.jpg,ESFJ
data\images\332_8.jpg,ESFJ
data\images\333_1.jpg,ESFJ
data\images\333_2.jpg,ESFJ
data\images\333_3.jpg,ESFJ
data\images\333_4.jpg,ESFJ
data\images\333_6.jpg,ESFJ
data\images\333_7.jpg,ESFJ
data\images\333_8.jpg,ESFJ
data\images\333_9.jpg,ESFJ
data\images\334_1.jpg,ESFJ
data\images\334_2.jpg,ESFJ
data\images\334_4.jpg,ESFJ
data\images\334_5.jpg,ESFJ
data\images\334_6.jpg,ESFJ
data\images\334_7.jpg,ESFJ
data\images\334_9.jpg,ESFJ
data\images\336_1.jpg,ESFJ
data\images\336_2.jpg,ESFJ
data\images\336_3.jpg,ESFJ
data\images\336_4.jpg,ESFJ
data\images\336_5.jpg,ESFJ
data\images\336_6.jpg,ESFJ
data\images\337_2.jpg,ESFJ
data\images\337_4.jpg,ESFJ
data\images\338_2.jpg,ESFJ
data\images\338_3.jpg,ESFJ
data\images\338_5.jpg,ESFJ
data\images\338_6.jpg,ESFJ
data\images\339_2.jpg,ESFJ
data\images\339_3.jpg,ESFJ
data\images\339_4.jpg,ESFJ
data\images\339_6.jpg,ESFJ
data\images\339_7.jpg,ESFJ
data\images\341_1.jpg,ENFJ
data\images\341_2.jpg,ENFJ
data\images\341_5.jpg,ENFJ
data\images\341_6.jpg,ENFJ
data\images\341_8.jpg,ENFJ
data\images\342_1.jpg,ENFJ
data\images\342_4.jpg,ENFJ
data\images\342_5.jpg,ENFJ
data\images\342_6.jpg,ENFJ
data\images\343_1.jpg,ENFJ
data\images\343_2.jpg,ENFJ
data\images\343_4.jpg,ENFJ
data\images\343_5.jpg,ENFJ
data\images\343_6.jpg,ENFJ
data\images\343_7.jpg,ENFJ
data\images\343_8.jpg,ENFJ
data\images\343_9.jpg,ENFJ
data\images\344_1.jpg,ENFJ
data\images\344_3.jpg,ENFJ
data\images\344_4.jpg,ENFJ
data\images\344_5.jpg,ENFJ
data\images\344_6.jpg,ENFJ
data\images\344_7.jpg,ENFJ
data\images\344_8.jpg,ENFJ
data\images\344_9.jpg,ENFJ
data\images\346_1.jpg,ENFJ
data\images\346_2.jpg,ENFJ
data\images\346_3.jpg,ENFJ
data\images\346_4.jpg,ENFJ
data\images\346_5.jpg,ENFJ
data\images\346_6.jpg,ENFJ
data\images\346_7.jpg,ENFJ
data\images\346_8.jpg,ENFJ
data\images\346_9.jpg,ENFJ
data\images\347_1.jpg,ENFJ
data\images\347_2.jpg,ENFJ
data\images\347_5.jpg,ENFJ
data\images\347_6.jpg,ENFJ
data\images\347_7.jpg,ENFJ
data\images\347_8.jpg,ENFJ
data\images\348_1.jpg,ENFJ
data\images\348_2.jpg,ENFJ
data\images\348_6.jpg,ENFJ
data\images\348_7.jpg,ENFJ
data\images\348_8.jpg,ENFJ
data\images\348_9.jpg,ENFJ
data\images\349_1.jpg,ENFJ
data\images\349_4.jpg,ENFJ
data\images\349_5.jpg,ENFJ
data\images\349_6.jpg,ENFJ
data\images\351_1.jpg,ENFJ
data\images\351_3.jpg,ENFJ
data\images\351_4.jpg,ENFJ
data\images\351_5.jpg,ENFJ
data\images\351_6.jpg,ENFJ
data\images\351_7.jpg,ENFJ
data\images\352_1.jpg,ENFJ
data\images\352_2.jpg,ENFJ
data\images\352_3.jpg,ENFJ
data\images\352_4.jpg,ENFJ
data\images\352_5.jpg,ENFJ
data\images\352_6.jpg,ENFJ
data\images\352_7.jpg,ENFJ
data\images\352_8.jpg,ENFJ
data\images\352_9.jpg,ENFJ
data\images\353_1.jpg,ENFJ
data\images\353_2.jpg,ENFJ
data\images\353_3.jpg,ENFJ
data\images\353_4.jpg,ENFJ
data\images\353_5.jpg,ENFJ
data\images\353_6.jpg,ENFJ
data\images\353_7.jpg,ENFJ
data\images\353_8.jpg,ENFJ
data\images\353_9.jpg,ENFJ
data\images\354_1.jpg,ENFJ
data\images\354_2.jpg,ENFJ
data\images\354_3.jpg,ENFJ
data\images\354_4.jpg,ENFJ
data\images\354_5.jpg,ENFJ
data\images\354_6.jpg,ENFJ
data\images\354_7.jpg,ENFJ
data\images\354_8.jpg,ENFJ
data\images\354_9.jpg,ENFJ
data\images\356_1.jpg,ENFJ
data\images\356_3.jpg,ENFJ
data\images\356_4.jpg,ENFJ
data\images\356_6.jpg,ENFJ
data\images\356_8.jpg,ENFJ
data\images\357_1.jpg,ENFJ
data\images\357_2.jpg,ENFJ
data\images\357_3.jpg,ENFJ
data\images\357_4.jpg,ENFJ
data\images\357_5.jpg,ENFJ
data\images\357_6.jpg,ENFJ
data\images\357_9.jpg,ENFJ
data\images\358_1.jpg,ENFJ
data\images\358_2.jpg,ENFJ
data\images\358_3.jpg,ENFJ
data\images\358_5.jpg,ENFJ
data\images\358_7.jpg,ENFJ
data\images\358_9.jpg,ENFJ
data\images\359_2.jpg,ENFJ
data\images\359_3.jpg,ENFJ
data\images\359_4.jpg,ENFJ
data\images\359_5.jpg,ENFJ
data\images\359_6.jpg,ENFJ
data\images\359_7.jpg,ENFJ
data\images\359_9.jpg,ENFJ
data\images\361_1.jpg,ENFJ
data\images\361_2.jpg,ENFJ
data\images\361_3.jpg,ENFJ
data\images\361_4.jpg,ENFJ
data\images\361_5.jpg,ENFJ
data\images\361_6.jpg,ENFJ
data\images\361_7.jpg,ENFJ
data\images\361_8.jpg,ENFJ
data\images\361_9.jpg,ENFJ
data\images\362_1.jpg,ENFJ
data\images\362_2.jpg,ENFJ
data\images\362_3.jpg,ENFJ
data\images\362_4.jpg,ENFJ
data\images\362_5.jpg,ENFJ
data\images\362_6.jpg,ENFJ
data\images\362_7.jpg,ENFJ
data\images\363_1.jpg,ENFJ
data\images\363_3.jpg,ENFJ
data\images\363_5.jpg,ENFJ
data\images\364_1.jpg,ENFJ
data\images\364_2.jpg,ENFJ
data\images\364_3.jpg,ENFJ
data\images\364_4.jpg,ENFJ
data\images\364_5.jpg,ENFJ
data\images\364_6.jpg,ENFJ
data\images\366_1.jpg,ENFJ
data\images\366_3.jpg,ENFJ
data\images\366_4.jpg,ENFJ
data\images\366_5.jpg,ENFJ
data\images\366_6.jpg,ENFJ
data\images\366_7.jpg,ENFJ
data\images\366_8.jpg,ENFJ
data\images\367_1.jpg,ENFJ
data\images\367_2.jpg,ENFJ
data\images\367_3.jpg,ENFJ
data\images\367_4.jpg,ENFJ
data\images\367_5.jpg,ENFJ
data\images\367_6.jpg,ENFJ
data\images\367_7.jpg,ENFJ
data\images\367_8.jpg,ENFJ
data\images\367_9.jpg,ENFJ
data\images\368_1.jpg,ENFJ
data\images\368_2.jpg,ENFJ
data\images\368_4.jpg,ENFJ
data\images\368_5.jpg,ENFJ
data\images\368_6.jpg,ENFJ
data\images\368_7.jpg,ENFJ
data\images\368_8.jpg,ENFJ
data\images\368_9.jpg,ENFJ
data\images\369_1.jpg,ENFJ
data\images\369_2.jpg,ENFJ
data\images\369_3.jpg,ENFJ
data\images\369_4.jpg,ENFJ
data\images\369_5.jpg,ENFJ
data\images\369_6.jpg,ENFJ
data\images\369_8.jpg,ENFJ
data\images\369_9.jpg,ENFJ
data\images\371_2.jpg,ENFJ
data\images\371_3.jpg,ENFJ
data\images\371_5.jpg,ENFJ
data\images\371_6.jpg,ENFJ
data\images\371_7.jpg,ENFJ
data\images\371_9.jpg,ENFJ
data\images\372_2.jpg,ENFJ
data\images\372_5.jpg,ENFJ
data\images\372_6.jpg,ENFJ
data\images\372_7.jpg,ENFJ
data\images\372_8.jpg,ENFJ
data\images\372_9.jpg,ENFJ
data\images\373_1.jpg,ENFJ
data\images\373_2.jpg,ENFJ
data\images\373_3.jpg,ENFJ
data\images\373_4.jpg,ENFJ
data\images\373_5.jpg,ENFJ
data\images\373_6.jpg,ENFJ
data\images\373_7.jpg,ENFJ
data\images\373_8.jpg,ENFJ
data\images\373_9.jpg,ENFJ
data\images\374_1.jpg,ENFJ
data\images\374_2.jpg,ENFJ
data\images\374_3.jpg,ENFJ
data\images\374_4.jpg,ENFJ
data\images\374_5.jpg,ENFJ
data\images\374_6.jpg,ENFJ
data\images\374_7.jpg,ENFJ
data\images\374_8.jpg,ENFJ
data\images\374_9.jpg,ENFJ
data\images\376_1.jpg,ENFJ
data\images\376_2.jpg,ENFJ
data\images\376_3.jpg,ENFJ
data\images\376_4.jpg,ENFJ
data\images\376_5.jpg,ENFJ
data\images\376_6.jpg,ENFJ
data\images\376_7.jpg,ENFJ
data\images\376_8.jpg,ENFJ
data\images\377_1.jpg,ENFJ
data\images\377_2.jpg,ENFJ
data\images\377_6.jpg,ENFJ
data\images\377_8.jpg,ENFJ
data\images\377_9.jpg,ENFJ
data\images\378_1.jpg,ENFJ
data\images\378_2.jpg,ENFJ
data\images\378_3.jpg,ENFJ
data\images\378_4.jpg,ENFJ
data\images\378_5.jpg,ENFJ
data\images\378_6.jpg,ENFJ
data\images\378_7.jpg,ENFJ
data\images\379_1.jpg,ENFJ
data\images\379_3.jpg,ENFJ
data\images\379_4.jpg,ENFJ
data\images\379_5.jpg,ENFJ
data\images\379_6.jpg,ENFJ
data\images\379_7.jpg,ENFJ
data\images\381_1.jpg,ENFJ
data\images\381_2.jpg,ENFJ
data\images\381_3.jpg,ENFJ
data\images\381_4.jpg,ENFJ
data\images\381_5.jpg,ENFJ
data\images\382_1.jpg,ENFJ
data\images\382_2.jpg,ENFJ
data\images\382_3.jpg,ENFJ
data\images\382_4.jpg,ENFJ
data\images\383_1.jpg,ENTJ
data\images\383_3.jpg,ENTJ
data\images\383_4.jpg,ENTJ
data\images\384_2.jpg,ENTJ
data\images\384_3.jpg,ENTJ
data\images\384_4.jpg,ENTJ
data\images\384_5.jpg,ENTJ
data\images\384_6.jpg,ENTJ
data\images\384_7.jpg,ENTJ
data\images\384_8.jpg,ENTJ
data\images\384_9.jpg,ENTJ
data\images\386_3.jpg,ENTJ
data\images\386_4.jpg,ENTJ
data\images\386_5.jpg,ENTJ
data\images\386_6.jpg,ENTJ
data\images\387_1.jpg,ENTJ
data\images\387_3.jpg,ENTJ
data\images\387_4.jpg,ENTJ
data\images\387_5.jpg,ENTJ
data\images\387_7.jpg,ENTJ
data\images\388_1.jpg,ENTJ
data\images\388_2.jpg,ENTJ
data\images\388_3.jpg,ENTJ
data\images\388_5.jpg,ENTJ
data\images\388_6.jpg,ENTJ
data\images\388_7.jpg,ENTJ
data\images\388_8.jpg,ENTJ
data\images\388_9.jpg,ENTJ
data\images\389_3.jpg,ENTJ
data\images\389_6.jpg,ENTJ
data\images\389_7.jpg,ENTJ
data\images\389_8.jpg,ENTJ
data\images\389_9.jpg,ENTJ
data\images\391_1.jpg,ENTJ
data\images\391_2.jpg,ENTJ
data\images\391_3.jpg,ENTJ
data\images\391_4.jpg,ENTJ
data\images\391_5.jpg,ENTJ
data\images\391_6.jpg,ENTJ
data\images\391_7.jpg,ENTJ
data\images\391_8.jpg,ENTJ
data\images\392_1.jpg,ENTJ
data\images\392_2.jpg,ENTJ
data\images\392_5.jpg,ENTJ
data\images\392_6.jpg,ENTJ
data\images\392_7.jpg,ENTJ
data\images\392_8.jpg,ENTJ
data\images\392_9.jpg,ENTJ
data\images\393_3.jpg,ENTJ
data\images\393_4.jpg,ENTJ
data\images\393_5.jpg,ENTJ
data\images\393_6.jpg,ENTJ
data\images\394_2.jpg,ENTJ
data\images\394_3.jpg,ENTJ
data\images\394_4.jpg,ENTJ
